user_id,name,email
1,User1,
2,User2,user2@example.com
3,User3,user3@example.com
4,User4,user4@example.com
5,User5,user5@example.com
6,User6,user6@example.com
7,User7,user7@example.com
8,User8,user8@example.com
9,User9,user9@example.com
10,User10,user10@example.com
11,User11,user11@example.com
12,User12,user12@example.com
13,User13,user13@example.com
14,User14,user14@example.com
15,User15,user15@example.com
16,User16,user16@example.com
17,User17,user17@example.com
18,User18,user18@example.com
19,User19,user19@example.com
20,User20,user20@example.com
